links,infos,date
"https://banbao990.github.io/","主页","2020.09.16"
"https://banbao990.github.io//smallKit/digitalNumber/","数码管","2019.03.27"
"https://banbao990.github.io/Cheer/AllFront/","陈绮贞个人简介(20190605)","2019.06.05"
"https://banbao990.github.io/games/gameOfLife/","生命游戏","2020.11.28"
"https://banbao990.github.io/games/aBallDirectedByACurve/","小球跟随笔画","2020.11.28"
"https://banbao990.github.io/FE/WaitingMovingAnimation/","火焰之纹章-烈火之剑, 等待、待机动画","2020.10.02"
"/kits/canvas/liuyubobobo/01/","时钟(canvas)","2021.09.05"
"/kits/canvas/liuyubobobo/04/","毛笔字(canvas)","2021.09.08"
"/kits/canvas/pintu/","拼图游戏(canvas)","2021.09.25"
"/kits/canvas/particle-system/construct-text/","粒子系统-构成文字(canvas)","2021.11.03"